{"flutter":{"platforms":{"android":{"default":{"projectId":"my-flutter-afl","appId":"1:679301881723:android:18b893c1ecb09b1ba7e7de","fileOutput":"android/app/google-services.json"}},"dart":{"lib/firebase_options.dart":{"projectId":"my-flutter-afl","configurations":{"android":"1:679301881723:android:18b893c1ecb09b1ba7e7de","ios":"1:679301881723:ios:b00e995281ed9d5ca7e7de","macos":"1:679301881723:ios:b00e995281ed9d5ca7e7de","web":"1:679301881723:web:b5a8609d2e70ec36a7e7de","windows":"1:679301881723:web:8890844988cbd2bda7e7de"}}}}}}